{"northing": 3805388.195347, "southing": 3724888.195347, "easting": 515053.934429, "westing": 417303.934429, "run_path": "Prado/Jan17_2010-Jan31_2010/Prado2010_Sep262022_wHS_Jan17_BF5.2_STREAM_LOSS", "epsg": 32611}